ticker,setup_state,score,last_close,resistance,breakout_pct,breakout_days_ago,pivot_touch_count,resistance_flatness_pct,low_slope_pct_per_day,swing_low_count,ascending_triangle,bb_width_pctile,min_bb_width_pctile_20d,squeeze_recent,breakout_volume_ratio,volume_confirmed,last_complete_week_return_pct,close_vs_52w_high_pct,above_sma50,above_sma200,avg_dollar_volume_20d_m,notes
ABBV,fresh_breakout,93.0,266.28,264.25,0.77,0.0,5,2.91,0.0583,12,True,27.4,17.9,True,0.94,False,0.14,-1.15,True,True,1076.02,5 separated pivot resistance touches; flat pivot resistance; rising swing lows; valid ascending triangle structure; current volatility compression; fresh breakout; breakout lacks volume confirmation; near/new 52-week high
FCX,fresh_breakout,91.0,71.96,71.22,1.04,5.0,5,3.76,0.0879,9,True,10.7,10.7,True,0.7,False,1.08,-10.32,True,True,819.82,5 separated pivot resistance touches; flat pivot resistance; rising swing lows; valid ascending triangle structure; current volatility squeeze; fresh breakout; breakout lacks volume confirmation
EMR,fresh_breakout,88.0,159.39,151.67,5.09,4.0,3,2.64,0.0956,10,True,24.2,15.9,True,0.72,False,5.54,-3.86,True,True,343.01,3 separated pivot resistance touches; flat pivot resistance; rising swing lows; valid ascending triangle structure; current volatility squeeze; fresh breakout; breakout lacks volume confirmation; healthy last complete week momentum
SCCO,fresh_breakout,88.0,202.63,201.2,0.71,4.0,3,1.59,0.0364,9,True,5.2,5.2,True,0.86,False,4.2,-8.22,True,True,213.88,3 separated pivot resistance touches; flat pivot resistance; rising swing lows; valid ascending triangle structure; current volatility squeeze; fresh breakout; breakout lacks volume confirmation; healthy last complete week momentum
JNJ,testing_resistance,87.0,271.95,274.33,-0.87,,4,4.73,0.2135,3,True,11.5,10.3,True,,False,0.46,-3.24,True,True,1730.85,4 separated pivot resistance touches; flat pivot resistance; rising swing lows; valid ascending triangle structure; current volatility squeeze; testing resistance before breakout
XOM,fresh_breakout,83.0,162.52,157.51,3.18,9.0,3,2.62,0.0352,7,True,22.2,22.2,True,0.87,False,-1.8,-6.65,True,True,2374.25,3 separated pivot resistance touches; flat pivot resistance; rising swing lows; valid ascending triangle structure; current volatility squeeze; fresh breakout; breakout lacks volume confirmation
CVX,fresh_breakout,82.0,206.37,195.84,5.38,9.0,4,3.29,0.0898,5,True,30.6,30.6,True,1.22,False,-2.42,-5.24,True,True,2160.81,4 separated pivot resistance touches; flat pivot resistance; rising swing lows; valid ascending triangle structure; current volatility compression; fresh breakout; breakout lacks volume confirmation
TSM,fresh_breakout,80.0,452.88,419.86,7.87,7.0,3,3.83,0.0149,7,True,46.8,0.4,True,1.05,False,3.67,-5.2,True,True,4207.14,3 separated pivot resistance touches; flat pivot resistance; rising swing lows; valid ascending triangle structure; recent volatility compression; fresh breakout; breakout lacks volume confirmation; healthy last complete week momentum
VRTX,fresh_breakout,77.0,527.67,498.03,5.95,9.0,4,3.28,0.0291,11,True,69.8,60.3,False,0.66,False,3.51,-5.82,True,True,544.24,4 separated pivot resistance touches; flat pivot resistance; rising swing lows; valid ascending triangle structure; fresh breakout; breakout lacks volume confirmation; healthy last complete week momentum
